{"train_loss": [0.3990093933033464, 0.27460970795208306, 0.2588077390181539, 0.25451051301727184, 0.248764907132612, 0.24180000135093804, 0.24071734420820842, 0.23621835453169687, 0.23592797636045415, 0.23560902273512332, 0.23220012387862732, 0.2326830904259141, 0.23160075266611724, 0.23007331126409578, 0.2288659920427695, 0.2289091481513314, 0.2286701797496078, 0.22892051135886063, 0.22695181522409894], "train_acc": [], "val_loss": [0.2626322760811679, 0.2546563763029543, 0.25761998918454404, 0.2676117647957789, 0.23010230523095868, 0.23351991845171, 0.24354864965151696, 0.2199392843213696, 0.22188328140898325, 0.21892595000607296, 0.22349255494493636, 0.22136196248832163, 0.2183807369575054, 0.21304877804027267, 0.23681701854847814, 0.23211800117675122, 0.22311387748400735, 0.2283688229002404, 0.2210127820113772], "val_acc": [93.88197545852664, 94.25920305250834, 93.7518969778433, 93.76924077526775, 94.59307115292893, 94.61041495035337, 93.92967090144387, 94.7318215323245, 94.74049343103673, 94.85756406365174, 94.74049343103673, 94.6581103932706, 94.71014178554394, 94.86623596236396, 94.34592203963058, 94.60607900099727, 94.6581103932706, 94.64076659584616, 94.60607900099727]}